x,y
1.574500083923339844e+00,0.000000000000000000e+00
1.580759176498466312e+00,2.759225316692875962e-02
1.556051439576569884e+00,5.433851187565898883e-02
9.476994295187682882e-01,4.966682091572922897e-02
9.267370228164262258e-01,6.480376340778067068e-02
9.254648947072562359e-01,8.096768413973579048e-02
8.910916460729929600e-01,9.365750295342822884e-02
9.141350098924957424e-01,1.122416621202627363e-01
9.283763150358439464e-01,1.304747779475690650e-01
8.780549340844001627e-01,1.390702347254443028e-01
9.271964496700462188e-01,1.634897450843700861e-01
8.922991492157482663e-01,1.734453787041600470e-01
9.077209486717023879e-01,1.929420373635524766e-01
9.003179655505421097e-01,2.078547731688570044e-01
9.028602046941412995e-01,2.251083240861318502e-01
9.147317853690709599e-01,2.451016348594373673e-01
9.127179487438428218e-01,2.617176513588920783e-01
9.166181377343506353e-01,2.802382782455462018e-01
8.735454190034457334e-01,2.838321023518000641e-01
9.256626627886050951e-01,3.187312042577178928e-01
9.204289218182941656e-01,3.350087185034094639e-01
8.663626148118648285e-01,3.325654373139249609e-01
9.276474175588824700e-01,3.747938715892377703e-01
8.947307251320659738e-01,3.797906463651732345e-01
9.217673209323692385e-01,4.103972374599935136e-01
9.126519199077833822e-01,4.255765637652470512e-01
9.091301852121652649e-01,4.434124020202606653e-01
9.262012874042260258e-01,4.719231094631585743e-01
9.160580511036883200e-01,4.870766871045059121e-01
9.319073247837584839e-01,5.165646452522068000e-01
9.184199720139483158e-01,5.302499972842679155e-01
9.420268537813006882e-01,5.660268160137618132e-01
9.375171663506761677e-01,5.858257205376599108e-01
9.393110514882270223e-01,6.099957042744100777e-01
9.475899632612836410e-01,6.391574741698445861e-01
9.453015081535453001e-01,6.619072139902462126e-01
9.182342944898798098e-01,6.671362370417798227e-01
9.367995457519300295e-01,7.059290610859009218e-01
9.054243154930317061e-01,7.073949722324546219e-01
9.205293914905520181e-01,7.454299696808790454e-01
9.292119724452676532e-01,7.797013875250191628e-01
9.347078332363429887e-01,8.125290850944164589e-01
9.385919431668536816e-01,8.451119411829688399e-01
8.542211303181779236e-01,7.965740520616001463e-01
9.045697726530155247e-01,8.735328319577420064e-01
9.256028109311811303e-01,9.256027637943862185e-01
9.714797334223848058e-01,1.005996660790779762e+00
1.029817546559734565e+00,1.104344055082801201e+00
9.625443577838395104e-01,1.069013751443686822e+00
9.427568785041497978e-01,1.084517667991532930e+00
9.365415899248713538e-01,1.116126740277787466e+00
8.829365383071021700e-01,1.090335756221101349e+00
9.284174763446045864e-01,1.188320107958919625e+00
9.147588601173957112e-01,1.213925932605991020e+00
9.075404150146532123e-01,1.249122139060103054e+00
9.108394553225841461e-01,1.300813466419216802e+00
9.106456775497114853e-01,1.350087645400161129e+00
9.038285250542970051e-01,1.391773780753865708e+00
9.072218345851108534e-01,1.451858321359896564e+00
9.041494310168151083e-01,1.504757233229572888e+00
8.965000441344606052e-01,1.552783503682706012e+00
8.905953338594088109e-01,1.606676382118452873e+00
8.819023817173617941e-01,1.658617008773868529e+00
8.739317514934338282e-01,1.715187485422312363e+00
8.603034812566328071e-01,1.763883370423026786e+00
-5.116542022339116702e-01,2.901736135188133225e+00
-5.475262363332892290e-01,2.816779157429542213e+00
-5.764350142037361069e-01,2.711914293617131211e+00
-6.270508842348960776e-01,2.716056499211092046e+00
-5.311530861749725885e-01,1.852351363934208628e+00
-5.272922466435436828e-01,1.724695599111910838e+00
-5.551489159627946979e-01,1.708573034611799324e+00
-6.506478367222929826e-01,1.889618903546003814e+00
-6.901965742563609396e-01,1.896299869998597787e+00
-6.735524622414859053e-01,1.754664483287010190e+00
-6.849680607661647880e-01,1.695355751548387468e+00
-6.913986344218204794e-01,1.628833398193505699e+00
-6.753861181465244945e-01,1.516942321285452255e+00
-6.840075587583748229e-01,1.466859192642274490e+00
-6.869275083702870432e-01,1.408410343925056374e+00
-6.709978376607917960e-01,1.316907620893647657e+00
-6.856631322426058883e-01,1.289545006835598695e+00
-6.741277283519064856e-01,1.216158808224986121e+00
-6.824999245012984828e-01,1.182124730767033283e+00
-6.888633958158350001e-01,1.146461393599001566e+00
-6.518006331066511505e-01,1.043099219442976011e+00
-6.783478931969836312e-01,1.044564313171128855e+00
-6.961950950675813710e-01,1.032151830632047407e+00
-7.272948516561129617e-01,1.038684849068349125e+00
-7.441360754389828580e-01,1.024215594164716858e+00
-1.369129104499498872e+00,1.816895959909158753e+00
-1.426487452073172291e+00,1.825820950285030664e+00
-1.501243628720567047e+00,1.853881765061315301e+00
-1.576757912472428025e+00,1.879107187555803415e+00
-1.631946664172887251e+00,1.877340165784693538e+00
-1.702602602411475097e+00,1.890932042045105677e+00
-1.752735598381612858e+00,1.879579096243048530e+00
-1.862378940998356880e+00,1.928550141801925744e+00
-1.919087816690981718e+00,1.919088109882586934e+00
-2.043644278516625334e+00,1.973524643388973709e+00
-2.126776404987229974e+00,1.983251390726106456e+00
-2.181501589535368435e+00,1.964233162306861180e+00
-2.225260983245670232e+00,1.934390168191572279e+00
-2.331839243820543750e+00,1.956645764237783247e+00
-2.380009353196113064e+00,1.927293887475135525e+00
-2.503115878450142606e+00,1.955648781204118780e+00
-2.587978191183475385e+00,1.950181775860224231e+00
-2.673800869245127387e+00,1.942630375790085573e+00
-2.690504834892660124e+00,1.883912095958597988e+00
-3.128574264738631872e+00,1.458878472810553939e+00
-2.660244431895959938e+00,1.184417412382994250e+00
-2.550258549406407393e+00,1.082520796423599885e+00
-2.521940019853645243e+00,1.018930170276768798e+00
-2.591619195820966226e+00,9.948296693039890837e-01
-3.199183429216139629e+00,1.164407870197297523e+00
-3.187815792064271569e+00,1.097653328130359984e+00
-1.654885420176268385e+00,-5.059490455332560366e-01
-1.721887909922756865e+00,-5.594750833591406458e-01
-3.176532142082697963e+00,-1.283401870266283717e+00
-3.101641182951368148e+00,-1.316568150617932087e+00
-2.842953599837711121e+00,-1.265764100431739703e+00
-2.733877584014964945e+00,-1.274827667807076459e+00
-2.700426786770691479e+00,-1.317085757296562853e+00
-2.536695834519813175e+00,-1.292510711057437867e+00
-2.423249751198887747e+00,-1.288464382149399512e+00
-1.897924955634920696e+00,-1.052036688473321879e+00
-1.832942806963320459e+00,-1.058249732607328575e+00
-1.745621313488156856e+00,-1.048874819352772159e+00
-1.705424981842708076e+00,-1.065667518674577874e+00
-1.642955863976551134e+00,-1.066947731830669044e+00
-1.584290941619946880e+00,-1.068617454157561264e+00
-1.550245411027221243e+00,-1.085493241813886955e+00
-1.509221315420578025e+00,-1.096513187997176786e+00
-1.461503057683509521e+00,-1.101321266999742754e+00
-1.406993375240440436e+00,-1.099263421168559685e+00
-1.457926006308427613e+00,-1.180604902353313390e+00
-8.223488240783467518e-01,-6.900324205361464402e-01
-7.079176358525097745e-01,-6.153832568923693902e-01
-7.219653086668841313e-01,-6.500603195504931486e-01
-6.691886878238290093e-01,-6.240283890013845758e-01
-6.574766826806128783e-01,-6.349176911149170266e-01
-6.233147110185743855e-01,-6.233145523054938186e-01
-5.960169886043623633e-01,-6.171935012848112079e-01
-5.196827978842197826e-01,-5.572914280764087458e-01
-5.205836844228201032e-01,-5.781666049340882241e-01
-5.619146614858272493e-01,-6.464087049616800140e-01
-5.425128150710759600e-01,-6.465414255076114003e-01
-5.125815250423522151e-01,-6.329852985968944523e-01
-5.088442939739248327e-01,-6.512908199303459877e-01
-4.477504303095697358e-01,-5.941847269314753932e-01
-4.840412653369954854e-01,-6.662254608676585477e-01
-4.505443705703223167e-01,-6.434438626765022207e-01
-4.258254808304191008e-01,-6.313120554274157525e-01
-4.305372380352494033e-01,-6.629690138269761501e-01
-4.173115231554235804e-01,-6.678378397430225766e-01
-3.893688938789782172e-01,-6.480184626424678740e-01
-3.817500773955001536e-01,-6.612103224736834983e-01
-3.776668083509158169e-01,-6.813287387289380659e-01
-3.312122759777694214e-01,-6.229194873023857770e-01
-3.409469785262088104e-01,-6.691458944224147887e-01
-3.237371831274227230e-01,-6.637593576381010108e-01
-3.034399999240203760e-01,-6.507289442724910611e-01
-2.836988933620832043e-01,-6.371979085036082457e-01
-2.783960113972647754e-01,-6.558596472290753043e-01
-2.665326796802233167e-01,-6.596912649535965345e-01
-2.499617331364007433e-01,-6.511723033604011057e-01
-2.387301575550885846e-01,-6.559054285321919142e-01
-2.261071665978391654e-01,-6.566625897857909511e-01
-2.132218189545891374e-01,-6.562289635725628845e-01
-2.023213236056083386e-01,-6.617628922587674989e-01
-1.874334978728235401e-01,-6.536579331750180799e-01
-1.739264896222816326e-01,-6.491021214193932742e-01
-1.624506394315258784e-01,-6.515535252008178846e-01
-1.507173050993143026e-01,-6.528279377502644865e-01
-1.398207110796632069e-01,-6.578042550740735850e-01
-1.274605017343713731e-01,-6.557269230126688830e-01
-1.148683613923408009e-01,-6.514502891779020421e-01
-1.038725776880947554e-01,-6.558250178536381148e-01
-9.213269008820147710e-02,-6.555574483204685832e-01
-8.079947109605263578e-02,-6.580580742086220569e-01
-6.919794108184852688e-02,-6.583734848711371157e-01
-5.778435539793915637e-02,-6.604770638196355570e-01
-4.617888504887900092e-02,-6.603873947971560243e-01
-3.464650293502697515e-02,-6.610927472493595136e-01
-2.305121940312321663e-02,-6.600976873113764132e-01
-1.151868915007606652e-02,-6.598995032720075260e-01
-1.009852903142649668e-07,-6.610000133514327691e-01
1.152721405009051771e-02,-6.603994540019260118e-01
2.301611673451421300e-02,-6.590982568207509606e-01
3.454163067975320189e-02,-6.590955244639140620e-01
4.614380347608431493e-02,-6.598886035685826990e-01
5.774057895176337024e-02,-6.599790202216866408e-01
6.935452724190883933e-02,-6.598652400371131099e-01
8.086020020181124146e-02,-6.585543360129888502e-01
9.289794356729166869e-02,-6.610039693860187970e-01
1.045763366129451449e-01,-6.602696783197927743e-01
1.161705316101959290e-01,-6.588364342854063915e-01
1.272694949922841545e-01,-6.547453473828600545e-01
1.413798451089855468e-01,-6.651403980547545558e-01
1.524042357541222359e-01,-6.601357525891844436e-01
1.624504403473411018e-01,-6.515535748380784087e-01
1.759968465978887231e-01,-6.568295971673910882e-01
1.882601991002386399e-01,-6.565417385399109351e-01
1.992511986632809762e-01,-6.517216834182297802e-01
2.110585099965278655e-01,-6.495716617804845328e-01
2.246419191126177439e-01,-6.524078516443710951e-01
2.373618744121560042e-01,-6.521467231518898178e-01
2.496031709867158610e-01,-6.502388112709172052e-01
2.624118156625154241e-01,-6.494923440918105584e-01
2.750746055275947732e-01,-6.480354589239267771e-01
2.887829241977704076e-01,-6.486173578162146569e-01
3.011153936249850727e-01,-6.457443269184974799e-01
3.057637657048186686e-01,-6.269088899339776422e-01
3.227871232650165734e-01,-6.335056623533846798e-01
3.237005277977668682e-01,-6.087923971234299181e-01
3.587590141055523874e-01,-6.472186523211395093e-01
3.732498978869538964e-01,-6.464880404993976759e-01
3.780378231267861877e-01,-6.291608353082456251e-01
4.128069856084542466e-01,-6.606295241031512333e-01
4.201888999058802643e-01,-6.470344080125963737e-01
4.375683513745496911e-01,-6.487219995116310090e-01
4.321897295161355457e-01,-6.172311274601879338e-01
4.593540545445379264e-01,-6.322468459804507779e-01
4.904791293666523888e-01,-6.508880239868511941e-01
4.796002093045253489e-01,-6.138604952128686731e-01
5.075467968979457956e-01,-6.267683203678646731e-01
5.190508893815906077e-01,-6.185809825181339816e-01
5.366561892755529195e-01,-6.173525450958797789e-01
5.684263389698168689e-01,-6.313016299484084382e-01
6.011814441183062074e-01,-6.446883986359571717e-01
1.193422815826624683e+00,-1.235825942372289710e+00
9.425731322057830930e-01,-9.425734682129717212e-01
9.139210187344548597e-01,-8.825635846582193800e-01
8.831094330413451488e-01,-8.235131651715865697e-01
8.579605676801688174e-01,-7.725114445250598205e-01
8.924439421800374195e-01,-7.757899659981127849e-01
9.004850417825719378e-01,-7.555969442911177891e-01
9.197521501247204467e-01,-7.448008822750548097e-01
8.892699968331523319e-01,-6.947741275359053947e-01
9.144375178313067787e-01,-6.890783571584840894e-01
8.866824722394628377e-01,-6.442127732841281817e-01
9.256416869488302002e-01,-6.481415405650251538e-01
8.986766097186160707e-01,-6.061652683357576787e-01
8.931840955264361837e-01,-5.800407687207883578e-01
9.137717055044786152e-01,-5.709881692223705008e-01
8.888823407180759251e-01,-5.340946187039192772e-01
8.859438942124816529e-01,-5.115001663832167145e-01
8.811792050734484905e-01,-4.884458250721030459e-01
9.191483599343138744e-01,-4.887200735595074730e-01
9.137271555141852630e-01,-4.655674564948592553e-01
9.095794592979038473e-01,-4.436317569838433839e-01
8.890878120931150486e-01,-4.145886607293742809e-01
8.555352604246944104e-01,-3.809090341330623186e-01
8.993331672733316795e-01,-3.817444832805820254e-01
8.353926096341991459e-01,-3.375207090136395083e-01
8.953035550743008164e-01,-3.436750322746655595e-01
8.757934997820983059e-01,-3.187629560948533336e-01
8.665676908136026313e-01,-2.983833717610878677e-01
8.583284837317726179e-01,-2.788880138390538721e-01
8.955793631303600177e-01,-2.738062790535507607e-01
8.973377925773086128e-01,-2.573076605156226493e-01
7.915761437607434781e-01,-2.121023540900978388e-01
8.815135817260298934e-01,-2.197862041224178387e-01
8.252914102502481031e-01,-1.905337057156277769e-01
7.942558540000094203e-01,-1.688244568771551379e-01
9.084959580450983063e-01,-1.765939113616692424e-01
8.715548215888497818e-01,-1.536788081851001853e-01
8.637334624737200706e-01,-1.368021168924755393e-01
7.951852104974171942e-01,-1.117561547358901647e-01
8.148803506345791980e-01,-1.000548912600865425e-01
8.796546244903493683e-01,-9.245560475244014864e-02
8.781456166355111614e-01,-7.682796412638338845e-02
6.469202432323429841e-01,-4.523720114293293404e-02
8.882809836647408419e-01,-4.655301366284332609e-02
8.859599628382998082e-01,-3.093858332928413335e-02
1.393787735503577485e+00,-2.432893863438489665e-02
